<?xml version="1.0" encoding="UTF-8"?>
<!DOCTYPE mapper
    PUBLIC "-//mybatis.org//DTD Mapper 3.0//EN"
    "http://mybatis.org/dtd/mybatis-3-mapper.dtd">

<mapper namespace="com.spring.flower.dao.MDao">
	
	<select id="confirmID" resultType="_int">
		select count(*) from member where id= #{param1}
	</select>
	
	<select id="getMember" resultType="com.spring.flower.dto.MemberVO">
		select * from member where id= #{param1} and usem = 'Y'
	</select>
	
	<insert id="insertMember">
		insert into member(id, pass, name, birth, phone, address, post) 
		values(#{id}, #{pass}, #{name}, #{birth}, #{phone}, #{address}, #{post})
	</insert>
	
	<select id="listMember" resultType="com.spring.flower.dto.MemberVO">
		select * from member where name like '%'|| #{param1} || '%' order by join desc
	</select>
	
	<update id="updatemypage">
		update member set pass=#{pass}, phone=#{phone}, address=#{address}, post=#{post} where id=#{id}
	</update>
	
	<update id="deleteMember">
		update member set usem = 'n' where id= #{param1}
	</update>
	
	<update id="updateMyPoint">
		update member set point=(point + #{param2} ) where id=#{param1} 
	</update> 
	
	<select id="workerCheck" resultType="String">
		select pwd from worker where id = #{param1}
	</select>

	
</mapper>
